{
  "cities": [
    [
      12,
      18
    ],
    [
      20,
      52
    ],
    [
      33,
      36
    ],
    [
      45,
      62
    ],
    [
      57,
      42
    ],
    [
      70,
      66
    ],
    [
      78,
      30
    ],
    [
      64,
      12
    ],
    [
      48,
      22
    ],
    [
      29,
      10
    ],
    [
      8,
      38
    ],
    [
      55,
      52
    ]
  ],
  "results": {
    "Held-Karp动态规划": {
      "route": [
        0,
        10,
        1,
        2,
        3,
        5,
        11,
        4,
        6,
        7,
        8,
        9,
        0
      ],
      "distance": 251.23938187510277,
      "time_ms": 35.777900000539375,
      "error_percent": 0.0
    },
    "最近邻算法": {
      "route": [
        0,
        9,
        8,
        7,
        6,
        4,
        11,
        3,
        5,
        2,
        1,
        10,
        0
      ],
      "distance": 263.8616122988561,
      "time_ms": 0.04290000015316764,
      "error_percent": 5.0239856226155375
    },
    "2-opt局部优化": {
      "route": [
        0,
        9,
        8,
        7,
        6,
        5,
        3,
        11,
        4,
        2,
        1,
        10,
        0
      ],
      "distance": 253.6576291815797,
      "time_ms": 0.3100000003541936,
      "error_percent": 0.9625271676870699
    },
    "遗传算法": {
      "route": [
        0,
        9,
        8,
        7,
        6,
        4,
        11,
        5,
        3,
        2,
        1,
        10,
        0
      ],
      "distance": 251.2393818751028,
      "time_ms": 293.9778000009028,
      "error_percent": 1.131260124041108e-14
    },
    "蚁群算法": {
      "route": [
        0,
        9,
        8,
        7,
        6,
        4,
        11,
        5,
        3,
        2,
        1,
        10,
        0
      ],
      "distance": 251.2393818751028,
      "time_ms": 124.07299999995303,
      "error_percent": 1.131260124041108e-14
    }
  }
}